,연번,수송일자,호선,역번호,역명,승하차구분,06시이전,06-07시간대,07-08시간대,08-09시간대,09-10시간대,10-11시간대,11-12시간대,12-13시간대,13-14시간대,14-15시간대,15-16시간대,16-17시간대,17-18시간대,18-19시간대,19-20시간대,20-21시간대,21-22시간대,22-23시간대,23-24시간대,24시이후
0,1,2023-01-01,1호선,150,서울역,승차,215,145,231,594,923,1383,2024,2540,2394,1787,2655,2509,2696,2549,2462,2177,2190,1808,734,7
1,2,2023-01-01,1호선,150,서울역,하차,154,636,595,939,1306,1324,1471,2036,1994,2246,2282,2295,2526,1930,1897,1487,991,609,280,46
544,545,2023-01-02,1호선,150,서울역,승차,243,468,2066,2983,1932,1601,2401,2619,2454,1932,2895,3160,5874,9048,3791,2534,2339,1487,550,73
545,546,2023-01-02,1호선,150,서울역,하차,316,1871,4185,9298,5417,2462,1889,2055,1890,1750,2054,1976,2237,2901,1675,1114,934,616,265,91
1088,1089,2023-01-03,1호선,150,서울역,승차,275,447,1561,2405,1737,1549,2088,2179,2330,2027,2659,3257,5719,8646,3745,2444,2439,1454,610,61
1089,1090,2023-01-03,1호선,150,서울역,하차,228,1519,4029,9412,5482,2399,2059,2017,1965,1837,1990,1966,2262,2807,1619,1088,1003,658,323,81
1632,1633,2023-01-04,1호선,150,서울역,승차,277,436,1572,2459,1695,1698,2103,2350,2316,2170,2570,3259,5900,9021,3653,2357,2395,1544,614,89
1633,1634,2023-01-04,1호선,150,서울역,하차,238,1490,3889,9474,5878,2430,1986,2099,1964,1854,2064,2087,2373,3006,1662,1029,983,695,378,85
2176,2177,2023-01-05,1호선,150,서울역,승차,268,470,1617,2370,1952,1654,2394,2554,2566,2211,2892,3615,6026,8751,3873,2530,2742,1634,790,90
2177,2178,2023-01-05,1호선,150,서울역,하차,244,1415,4014,9411,6021,2524,2030,2269,2259,1758,2297,2230,2817,3082,1778,1155,1167,811,390,139
2720,2721,2023-01-06,1호선,150,서울역,승차,261,448,1367,2691,1860,1701,2404,2522,2883,2432,3548,4274,6807,9169,4401,3200,3487,2333,983,173
2721,2722,2023-01-06,1호선,150,서울역,하차,258,1422,3673,9117,5605,2481,2310,2500,2602,2596,2533,2632,3525,4632,2958,1662,1536,920,604,214
3264,3265,2023-01-07,1호선,150,서울역,승차,236,252,471,1217,1825,2515,2934,3467,3240,2443,3324,3561,3572,2770,2264,1887,2133,1496,554,3
3265,3266,2023-01-07,1호선,150,서울역,하차,249,1252,1563,1803,2733,2688,2814,3507,2930,2650,2638,2907,2872,2172,1850,1550,1483,1080,560,58
3808,3809,2023-01-08,1호선,150,서울역,승차,127,183,309,638,1132,1617,2042,2407,2369,1953,2574,2520,2858,2453,2260,2007,2196,1539,537,7
3809,3810,2023-01-08,1호선,150,서울역,하차,138,685,781,1111,1677,1638,1625,2261,2233,2414,2457,2635,2673,2390,1968,1665,1085,697,281,20
4352,4353,2023-01-09,1호선,150,서울역,승차,296,499,1853,3039,1984,1871,2281,2629,2420,2097,2733,3405,5819,8715,3886,2645,2518,1379,593,76
4353,4354,2023-01-09,1호선,150,서울역,하차,316,2005,4501,9698,5932,2645,2209,2485,2293,1910,2164,2002,2619,2913,1764,1252,949,711,324,100
4896,4897,2023-01-10,1호선,150,서울역,승차,290,461,1669,2605,1927,1839,2268,2591,2470,2127,2915,3338,5941,8648,4140,2718,2704,1522,731,91
4897,4898,2023-01-10,1호선,150,서울역,하차,280,1580,4123,9798,5986,2732,2225,2161,2185,1891,2171,2368,2649,3058,1746,1054,1045,781,351,109
5440,5441,2023-01-11,1호선,150,서울역,승차,270,465,1567,2675,1872,1851,2428,2615,2654,2178,2978,3630,6281,8860,3871,2673,2775,1639,763,74
5441,5442,2023-01-11,1호선,150,서울역,하차,271,1519,4073,9940,6113,2687,2302,2350,2271,1939,2329,2419,2914,3081,1741,1361,1057,842,477,139
5984,5985,2023-01-12,1호선,150,서울역,승차,262,485,1582,2698,2016,1849,2550,2651,2804,2245,3160,3559,6244,8815,4103,2774,3082,1911,828,124
5985,5986,2023-01-12,1호선,150,서울역,하차,276,1540,4326,9503,6055,2600,2241,2400,2386,1962,2416,2341,2986,3338,1989,1257,1194,856,487,151
6528,6529,2023-01-13,1호선,150,서울역,승차,244,428,1568,2367,2191,1841,2421,2904,3051,2445,3840,4274,7140,8842,4186,3231,3394,2307,1011,201
6529,6530,2023-01-13,1호선,150,서울역,하차,209,1351,3639,8270,6428,2794,2312,2626,2809,2456,2421,2852,3714,4415,2928,1819,1386,999,589,169
7072,7073,2023-01-14,1호선,150,서울역,승차,240,271,474,1171,1784,2275,3359,3293,3246,2489,3238,4228,3921,2843,2351,1845,2193,1519,570,1
7073,7074,2023-01-14,1호선,150,서울역,하차,196,1189,1486,1931,2634,2457,2620,3351,2858,2724,2785,3034,2949,2320,1888,1459,1568,1175,604,66
7616,7617,2023-01-15,1호선,150,서울역,승차,127,168,266,749,1171,1650,2049,2448,2408,2018,2536,2375,2912,2508,2663,1957,2387,1658,518,5
7617,7618,2023-01-15,1호선,150,서울역,하차,154,664,824,1131,1775,1696,1916,2346,2387,2591,2662,2522,2659,2305,2449,1716,1198,694,312,36
8160,8161,2023-01-16,1호선,150,서울역,승차,302,473,2013,3077,2136,1681,2495,3021,2416,2190,2819,3307,5628,8988,3934,2638,2409,1477,590,79
8161,8162,2023-01-16,1호선,150,서울역,하차,343,1905,4652,9857,6112,2594,2292,2422,2384,1975,2242,2350,2907,3093,1772,1219,1113,695,354,105
8704,8705,2023-01-17,1호선,150,서울역,승차,265,499,1545,2865,2050,1720,2301,2569,2425,2080,2860,3356,5996,9050,3872,2759,2787,1626,696,102
8705,8706,2023-01-17,1호선,150,서울역,하차,262,1607,4268,9898,6226,2663,2097,2455,2391,2008,2198,2329,2974,3200,1766,1171,1052,811,411,128
9248,9249,2023-01-18,1호선,150,서울역,승차,301,442,1594,2656,2039,1768,2301,2625,2542,2197,2984,3459,6273,8859,3884,2758,2903,1755,689,94
9249,9250,2023-01-18,1호선,150,서울역,하차,278,1582,4142,9862,6258,2577,2284,2768,2609,2269,2593,2691,3357,3550,2176,1570,1375,845,405,116
9792,9793,2023-01-19,1호선,150,서울역,승차,309,474,1591,2476,1752,1614,1953,2048,2444,2191,2995,3515,6052,8369,3988,2687,2722,1694,842,107
9793,9794,2023-01-19,1호선,150,서울역,하차,312,1636,4033,9649,5850,2953,2272,2846,2795,2253,2408,2659,3405,3748,2068,1758,1514,1030,487,172
10336,10337,2023-01-20,1호선,150,서울역,승차,241,410,1340,2053,1469,1419,1965,2576,2759,3203,4496,5243,5418,5103,3160,2005,2289,1540,639,103
10337,10338,2023-01-20,1호선,150,서울역,하차,361,1758,3715,8308,5561,2603,2111,3018,3411,2885,3014,3363,3728,3847,3121,1865,1653,1264,471,157
10880,10881,2023-01-21,1호선,150,서울역,승차,143,169,286,844,1086,1389,1927,2395,2186,1817,2159,2346,2223,1860,1614,1160,1204,716,342,3
10881,10882,2023-01-21,1호선,150,서울역,하차,256,1236,1425,1683,2490,1974,1921,3196,2970,2781,2531,2682,2788,2571,2375,1686,1260,914,297,59
11424,11425,2023-01-22,1호선,150,서울역,승차,106,181,379,668,707,1028,1415,2098,2203,1706,2029,2319,2194,2043,1971,1723,1838,1389,724,432
11425,11426,2023-01-22,1호선,150,서울역,하차,228,1078,1260,1423,2064,1437,1486,2552,2720,2414,2135,2138,2202,1613,1257,806,633,414,228,167
11968,11969,2023-01-23,1호선,150,서울역,승차,73,109,280,1078,1469,1903,2122,2468,2377,1821,2473,2515,2708,2550,2538,2086,2389,1853,861,865
11969,11970,2023-01-23,1호선,150,서울역,하차,101,635,745,1098,1656,1625,1764,2281,2051,2150,2134,1994,1883,1522,1249,912,760,525,346,158
12512,12513,2023-01-24,1호선,150,서울역,승차,99,108,318,1364,1417,1913,1988,2085,2544,1536,2365,2380,2468,2367,2567,2015,2164,2148,922,39
12513,12514,2023-01-24,1호선,150,서울역,하차,81,361,586,852,1382,1314,1464,1949,1827,1721,1888,1658,1916,1426,1389,1046,851,473,312,63
13056,13057,2023-01-25,1호선,150,서울역,승차,195,425,1593,2635,1815,1731,1983,2338,2382,1902,2713,2915,5207,8622,4201,2846,2790,1659,801,164
13057,13058,2023-01-25,1호선,150,서울역,하차,254,1487,3415,8367,5146,2040,1771,1966,1793,1587,1737,1662,2038,2592,1586,1018,799,625,285,82
13600,13601,2023-01-26,1호선,150,서울역,승차,259,444,1676,3003,2210,2097,2769,2702,2926,2344,3031,3626,5991,8792,4521,3177,3042,1957,958,159
13601,13602,2023-01-26,1호선,150,서울역,하차,282,1516,4371,9528,6254,2744,2128,2129,2192,1908,2212,2190,2654,3224,1965,1311,1148,854,407,119
14144,14145,2023-01-27,1호선,150,서울역,승차,272,437,1595,2623,2035,1861,2502,2931,2835,2486,3408,4342,6662,9240,4468,3362,3509,2327,1086,176
14145,14146,2023-01-27,1호선,150,서울역,하차,240,1526,3974,9113,5689,2652,2151,2393,2648,2388,2692,2654,3741,4402,2949,1668,1377,1005,551,176
14688,14689,2023-01-28,1호선,150,서울역,승차,234,205,456,1185,1745,2373,2805,3079,3325,2319,3033,3537,3367,2638,2194,1758,2077,1536,655,2
14689,14690,2023-01-28,1호선,150,서울역,하차,223,1195,1450,1686,2621,2373,2562,3003,2610,2429,2578,2624,2738,2410,1941,1479,1491,1051,603,60
15232,15233,2023-01-29,1호선,150,서울역,승차,145,164,267,664,1111,1466,1791,2174,2260,1759,2521,2571,2498,2388,2549,1849,2241,1634,531,4
15233,15234,2023-01-29,1호선,150,서울역,하차,135,616,911,1040,1527,1615,1603,2079,2280,2159,2498,2403,2726,2208,2056,1589,1211,648,351,30
15776,15777,2023-01-30,1호선,150,서울역,승차,307,477,1941,2970,1885,1890,2297,2449,2449,2059,2587,3056,5613,8734,4007,2778,2583,1456,589,58
15777,15778,2023-01-30,1호선,150,서울역,하차,319,1951,4632,9586,6121,2543,2214,2294,2304,2064,2017,2194,2515,2875,1813,1208,1005,692,338,89
16320,16321,2023-01-31,1호선,150,서울역,승차,296,450,1601,2512,1922,1799,2156,2395,2524,2234,2829,3528,5675,8677,3933,2855,2760,1694,740,90
16321,16322,2023-01-31,1호선,150,서울역,하차,314,1625,4083,9837,5762,2601,2081,2129,2239,2052,2177,2275,2658,2906,1632,1251,1053,833,364,139
16864,16865,2023-02-01,1호선,150,서울역,승차,284,452,1572,2689,1979,1791,2271,2511,2622,2246,3027,3683,5747,8866,4046,2639,2670,1575,734,78
16865,16866,2023-02-01,1호선,150,서울역,하차,265,1671,4045,9698,6206,2688,2050,2245,2294,1925,2271,2331,2652,3035,1865,1213,1106,777,376,105
17408,17409,2023-02-02,1호선,150,서울역,승차,287,459,1592,2675,1939,1708,2374,2476,2394,2250,2651,3874,5815,8695,3976,2649,2849,1687,782,74
17409,17410,2023-02-02,1호선,150,서울역,하차,300,1619,4135,9500,6332,2610,2218,2328,2255,1868,2186,2343,2686,3338,1842,1348,1145,768,410,120
17952,17953,2023-02-03,1호선,150,서울역,승차,313,470,1507,2493,2049,1916,2283,2713,2622,2558,3510,4811,6900,9410,4414,3275,3341,2323,1020,175
17953,17954,2023-02-03,1호선,150,서울역,하차,260,1530,4024,9032,5796,2723,2205,2603,2733,2579,2588,2714,3920,4522,3238,1811,1452,1035,551,189
18496,18497,2023-02-04,1호선,150,서울역,승차,248,255,475,1211,1977,2458,3218,3439,3370,2601,3794,4157,4414,3118,2646,1896,2131,1710,590,3
18497,18498,2023-02-04,1호선,150,서울역,하차,227,1211,1537,1836,2799,2633,2578,3473,3106,2963,3336,3242,3268,2486,2252,1628,1376,1100,604,54
19040,19041,2023-02-05,1호선,150,서울역,승차,143,155,269,741,1206,1698,1832,2133,2233,1945,2718,2466,2770,2662,2395,2235,2394,1627,556,3
19041,19042,2023-02-05,1호선,150,서울역,하차,110,606,843,1065,1651,1657,1684,2094,2146,2503,2673,2596,2902,2406,2331,1654,1279,717,338,16
19584,19585,2023-02-06,1호선,150,서울역,승차,291,505,1876,2995,2096,1741,2505,2574,2471,2088,2667,3444,5730,9055,3983,2705,2476,1417,575,74
19585,19586,2023-02-06,1호선,150,서울역,하차,330,2139,4669,10074,5790,2770,2291,2292,2380,1949,2163,2130,2719,2895,1820,1122,955,625,321,109
20128,20129,2023-02-07,1호선,150,서울역,승차,313,450,1584,2689,2153,1688,2519,2462,2581,2288,3033,3373,5864,9039,3918,2755,2835,1665,670,78
20129,20130,2023-02-07,1호선,150,서울역,하차,280,1664,4433,10200,6223,2567,2237,2364,2341,2068,2336,2269,2690,3014,1781,1246,1061,756,371,109
20672,20673,2023-02-08,1호선,150,서울역,승차,315,442,1536,2778,1857,2005,2387,2743,2590,2264,2833,3429,6523,8943,4145,2646,2792,1718,729,95
20673,20674,2023-02-08,1호선,150,서울역,하차,276,1692,4349,10122,6117,2726,2183,2407,2400,2023,2326,2353,2773,3091,1934,1186,1097,765,421,127
21216,21217,2023-02-09,1호선,150,서울역,승차,304,467,1601,2714,1980,1891,2435,2551,2726,2273,3088,3621,6152,9181,3916,2269,2729,2002,1595,238
21217,21218,2023-02-09,1호선,150,서울역,하차,291,1676,4383,10002,6335,2787,2323,2397,2318,2156,2472,2429,3012,3200,1891,1266,1258,843,475,206
21760,21761,2023-02-10,1호선,150,서울역,승차,289,441,1483,2422,2299,1936,2482,2862,3115,2627,3603,4811,7002,9243,4580,2995,3380,2590,1074,123
21761,21762,2023-02-10,1호선,150,서울역,하차,270,1686,3592,9398,6249,2836,2561,2755,2937,2683,2729,2815,3731,4675,3090,1835,1517,1173,573,201
22304,22305,2023-02-11,1호선,150,서울역,승차,286,232,464,1396,2188,2796,3319,3693,3134,2746,3568,3868,3707,2891,2714,2094,2430,1793,696,3
22305,22306,2023-02-11,1호선,150,서울역,하차,286,1475,1736,1965,3018,2661,2819,3639,3360,2998,3347,2844,3306,2400,2271,1767,1554,1112,643,58
22848,22849,2023-02-12,1호선,150,서울역,승차,130,170,292,694,1309,1878,2284,2681,2639,1953,2919,2627,2832,2831,2622,2107,2069,1968,614,10
22849,22850,2023-02-12,1호선,150,서울역,하차,135,802,956,1227,1800,1793,1931,2391,2691,2585,2547,2743,2956,2420,2357,1767,1204,728,419,49
23392,23393,2023-02-13,1호선,150,서울역,승차,300,481,1835,3168,2145,1833,2738,2791,2736,2419,2950,3436,6137,9198,4109,2719,2646,1518,632,52
23393,23394,2023-02-13,1호선,150,서울역,하차,343,2218,4499,10230,6132,2682,2683,2564,2252,2158,2386,2453,2684,3007,1860,1348,1050,740,344,109
23936,23937,2023-02-14,1호선,150,서울역,승차,313,473,1584,2832,2116,2006,2658,2622,2672,2449,2960,3548,6504,9342,4275,2874,2976,1652,742,83
23937,23938,2023-02-14,1호선,150,서울역,하차,344,1750,4546,10271,6237,2834,2241,2431,2440,2095,2380,2477,2775,3281,1795,1336,1142,798,400,102
24482,24483,2023-02-15,1호선,150,서울역,승차,296,485,1565,2857,2232,1857,2786,2840,2740,2275,3268,3700,6454,8926,4169,3012,2982,1743,874,89
24483,24484,2023-02-15,1호선,150,서울역,하차,307,1793,4550,10292,5980,3127,2364,2535,2539,2201,2505,2583,2917,3273,1949,1358,1214,871,425,128
25026,25027,2023-02-16,1호선,150,서울역,승차,322,452,1637,2896,2142,2129,2788,2955,2960,2377,3340,3718,6388,9051,4350,3248,3169,1968,975,116
25027,25028,2023-02-16,1호선,150,서울역,하차,343,1810,4354,10188,6576,2501,2692,2656,2613,2290,2704,2719,3275,3630,2125,1622,1417,986,476,125
25570,25571,2023-02-17,1호선,150,서울역,승차,317,485,1486,2740,2305,2182,2973,3172,3154,2670,3888,4837,7095,8903,4549,3132,3572,2477,1211,222
25571,25572,2023-02-17,1호선,150,서울역,하차,306,1829,4018,9382,5896,3012,2563,3079,3324,2664,2715,2975,4153,4609,3417,1961,1769,1130,707,189
26114,26115,2023-02-18,1호선,150,서울역,승차,275,262,500,1624,2150,2821,3429,3692,3254,2602,3725,4646,4205,3349,2998,2208,2450,1799,664,7
26115,26116,2023-02-18,1호선,150,서울역,하차,273,1476,1720,2060,3058,2853,2987,3696,3261,3059,3403,3452,3307,3003,2254,1709,1548,1126,649,77
26658,26659,2023-02-19,1호선,150,서울역,승차,146,168,249,806,1501,1971,2267,2938,2718,2065,2697,2688,3124,2944,2542,2409,2373,1822,701,9
26659,26660,2023-02-19,1호선,150,서울역,하차,159,771,1041,1282,1901,1952,2089,2528,2766,2573,2599,2805,2897,2647,2542,2030,1396,797,363,49
27202,27203,2023-02-20,1호선,150,서울역,승차,310,515,2079,3188,2153,1934,2962,2963,2793,2226,2988,3550,6338,9258,4294,2883,2715,1556,689,87
27203,27204,2023-02-20,1호선,150,서울역,하차,379,2170,4440,10290,6493,2845,2627,2589,2413,2167,2336,2382,2986,3125,1913,1328,1201,749,311,116
27746,27747,2023-02-21,1호선,150,서울역,승차,344,465,1629,3041,2206,1987,2568,2774,2666,2287,3041,3640,6274,9138,4483,2991,2972,1684,845,59
27747,27748,2023-02-21,1호선,150,서울역,하차,306,1778,4405,10217,6377,2646,2487,2463,2409,2079,2550,2320,3006,3247,2091,1464,1162,879,456,135
28290,28291,2023-02-22,1호선,150,서울역,승차,313,470,1603,3011,2362,2101,2795,2957,2779,2422,3231,3658,6377,9418,4352,2911,2859,1809,913,98
28291,28292,2023-02-22,1호선,150,서울역,하차,294,1816,4427,10346,6492,2861,2459,2554,2574,2109,2534,2883,3342,3417,2012,1435,1233,928,438,147
28834,28835,2023-02-23,1호선,150,서울역,승차,307,476,1604,3077,2177,1974,2819,3094,2689,2644,3322,4057,6457,9210,4644,3233,3291,2029,1007,134
28835,28836,2023-02-23,1호선,150,서울역,하차,308,1972,4641,9937,6521,2976,2550,2839,2675,2316,2559,2734,3209,3570,2165,1480,1382,1016,458,161
29378,29379,2023-02-24,1호선,150,서울역,승차,303,486,1518,2951,2440,2260,3058,3495,3455,2795,3997,4657,7460,9456,4385,3592,3455,2611,1329,234
29379,29380,2023-02-24,1호선,150,서울역,하차,341,1845,4161,9501,6193,3087,2744,3181,3671,2815,2920,3174,3844,5024,3373,1879,1865,1338,632,234
29922,29923,2023-02-25,1호선,150,서울역,승차,268,235,547,1727,2345,2818,3215,3664,3407,2905,3487,4424,3933,3290,2939,2400,2619,1727,883,13
29923,29924,2023-02-25,1호선,150,서울역,하차,245,1655,1771,1983,3006,2963,2825,3737,3464,3248,3376,3553,3540,2853,2468,2029,1591,1212,614,46
30466,30467,2023-02-26,1호선,150,서울역,승차,152,170,338,914,1580,2171,2296,2732,2839,2010,2806,2642,3034,2716,2789,2215,2577,1873,616,7
30467,30468,2023-02-26,1호선,150,서울역,하차,170,798,1042,1328,1910,1842,2182,2785,2510,2791,2773,2725,3069,2452,2653,2089,1511,901,345,41
31010,31011,2023-02-27,1호선,150,서울역,승차,321,508,2061,3286,2282,2094,2706,2870,3020,2471,3142,3630,6192,9095,4362,3101,2985,1764,746,89
31011,31012,2023-02-27,1호선,150,서울역,하차,391,2058,4605,10257,6181,2849,2549,2851,2639,2315,2576,2762,3037,3282,2095,1408,1153,746,379,113
31554,31555,2023-02-28,1호선,150,서울역,승차,313,488,1617,2662,2187,1999,2655,3189,3193,3248,4113,4970,7739,9606,4908,3589,3277,2279,1145,130
31555,31556,2023-02-28,1호선,150,서울역,하차,258,1788,4305,9817,6050,2761,2470,2774,2943,2659,3306,3308,4183,3931,2547,2007,1496,946,600,185
32098,32099,2023-03-01,1호선,150,서울역,승차,262,235,329,754,1053,1763,2136,2667,2930,2504,3509,3810,3451,2613,2179,1896,1929,1355,605,7
32099,32100,2023-03-01,1호선,150,서울역,하차,225,935,1078,1440,2232,2282,2819,3256,2676,2419,2739,2732,2436,2100,1550,1248,1101,585,343,38
32642,32643,2023-03-02,1호선,150,서울역,승차,305,517,1753,3043,2013,1794,2046,2431,2494,2157,2873,3412,5517,8819,4092,2716,2747,1691,628,89
32643,32644,2023-03-02,1호선,150,서울역,하차,317,1866,4477,10038,5992,2400,2074,2199,2142,1999,2233,2310,2688,2986,1888,1216,1154,828,398,100
33188,33189,2023-03-03,1호선,150,서울역,승차,298,455,1636,2671,2092,1771,2210,2612,3016,2259,3584,4522,6975,9474,4700,3121,3331,2356,1043,159
33189,33190,2023-03-03,1호선,150,서울역,하차,237,1637,4143,9551,5799,2501,2124,2467,2674,2610,2689,2776,3764,4448,3259,1792,1548,1115,611,137
33732,33733,2023-03-04,1호선,150,서울역,승차,289,230,598,1271,1980,2512,2755,3451,3161,2445,3487,3544,3349,2825,2497,2127,2187,1635,698,4
33733,33734,2023-03-04,1호선,150,서울역,하차,258,1302,1688,2000,3018,2506,2595,3369,2764,2694,2604,2969,2929,2292,2033,1616,1352,1053,543,51
34276,34277,2023-03-05,1호선,150,서울역,승차,144,144,324,752,1110,1521,1803,2368,2330,1908,2720,2754,2723,2664,2514,2382,2442,1866,646,4
34277,34278,2023-03-05,1호선,150,서울역,하차,112,573,771,1038,1613,1637,1729,2143,2315,2369,2593,2558,2814,2461,2266,1975,1265,719,350,39
34820,34821,2023-03-06,1호선,150,서울역,승차,327,566,2228,3058,2376,1864,2172,2534,2408,2140,2835,3256,5814,8988,4067,2590,2446,1417,582,63
34821,34822,2023-03-06,1호선,150,서울역,하차,333,2186,4779,10385,6011,2644,2110,2276,2115,1820,2136,2053,2550,2950,1824,1175,981,670,344,94
35364,35365,2023-03-07,1호선,150,서울역,승차,306,505,1715,2873,2020,1808,2167,2326,2508,2034,2844,3465,5958,9191,4100,2640,2631,1664,685,57
35365,35366,2023-03-07,1호선,150,서울역,하차,315,1750,4569,10437,6214,2482,2114,2119,1961,1951,2039,2309,2625,3037,1792,1149,1104,830,397,113
35908,35909,2023-03-08,1호선,150,서울역,승차,328,505,1720,2771,2038,1861,2142,2430,2483,2099,2884,3636,6040,9002,3889,2667,2512,1532,669,120
35909,35910,2023-03-08,1호선,150,서울역,하차,300,1725,4323,10319,6307,2540,2051,2160,2095,1719,2236,2255,2720,3067,1682,1164,1085,778,433,126
36452,36453,2023-03-09,1호선,150,서울역,승차,322,517,1737,2941,2096,1951,2297,2575,2611,2100,3114,3730,6276,9110,4418,3044,2937,1953,814,89
36453,36454,2023-03-09,1호선,150,서울역,하차,259,1723,4367,9930,6839,2680,2079,2070,2230,1931,2350,2652,3058,3381,1937,1237,1223,891,484,128
36996,36997,2023-03-10,1호선,150,서울역,승차,338,459,1668,2634,2327,2011,2395,3053,3019,2614,3947,5124,6941,9418,4557,3220,3420,2437,1163,187
36997,36998,2023-03-10,1호선,150,서울역,하차,261,1612,4300,9353,5994,2882,2335,2998,3238,2998,2719,2981,3922,4922,3361,1901,1793,1189,609,210
37540,37541,2023-03-11,1호선,150,서울역,승차,301,295,574,1387,2135,2590,3097,3654,3514,2666,3717,4064,3934,3197,2695,2385,2273,1878,795,17
37541,37542,2023-03-11,1호선,150,서울역,하차,327,1700,1651,2168,3172,2783,2986,3429,3351,3150,3103,3002,2961,2642,2210,1792,1565,1162,649,90
38084,38085,2023-03-12,1호선,150,서울역,승차,157,165,333,696,1101,1665,1878,2433,2459,1839,2650,2717,2745,2870,2482,2419,2503,1612,801,7
38085,38086,2023-03-12,1호선,150,서울역,하차,150,708,762,1103,1625,1559,1623,2263,2227,2466,2465,2330,2838,2427,2458,1857,1458,735,362,41
38628,38629,2023-03-13,1호선,150,서울역,승차,334,551,1880,3434,2284,2011,2301,2642,2657,1942,2835,3218,6025,9184,4089,2806,2629,1556,626,73
38629,38630,2023-03-13,1호선,150,서울역,하차,363,2437,4748,10028,6505,2451,2258,2400,2135,1917,2184,2141,2638,2897,1893,1245,1048,736,340,115
39172,39173,2023-03-14,1호선,150,서울역,승차,329,505,1815,2893,1899,1916,2218,2528,2431,2176,2879,3561,6189,9275,4222,2681,2790,1640,655,70
39173,39174,2023-03-14,1호선,150,서울역,하차,287,1767,4629,10470,6478,2518,2102,2219,2024,1871,2164,2247,3006,2996,1834,1207,1160,871,431,126
39716,39717,2023-03-15,1호선,150,서울역,승차,334,501,1790,2868,2108,1858,2289,2615,2659,2259,3012,3561,6249,9118,3948,2828,2609,1639,690,105
39717,39718,2023-03-15,1호선,150,서울역,하차,311,1835,4240,10418,6396,2471,2201,2181,2187,1963,2158,2295,2955,3155,1742,1241,1149,948,404,157
40260,40261,2023-03-16,1호선,150,서울역,승차,331,509,1763,2957,2108,2085,2256,2471,2582,2321,3282,3777,6312,9249,4161,3139,3267,1751,882,93
40261,40262,2023-03-16,1호선,150,서울역,하차,284,1888,4593,10328,6375,2683,2194,2161,2329,2015,2463,2523,3158,3354,2078,1336,1249,1070,525,168
40804,40805,2023-03-17,1호선,150,서울역,승차,342,464,1677,2714,2261,1942,2358,2954,3173,2525,3681,4890,7068,9207,4210,3357,3587,2827,1133,161
40805,40806,2023-03-17,1호선,150,서울역,하차,308,1908,4174,9360,5940,2655,2481,2959,3118,2772,2845,3121,3900,4676,3337,1884,1949,1249,670,173
41348,41349,2023-03-18,1호선,150,서울역,승차,284,282,588,1428,2226,2327,3547,3780,3559,2633,3748,4402,3932,3442,2962,2467,2571,1709,882,14
41349,41350,2023-03-18,1호선,150,서울역,하차,295,1759,1935,2177,3310,2691,3213,3699,3330,2824,3133,3226,3300,2763,2453,1827,1664,1149,583,76
41892,41893,2023-03-19,1호선,150,서울역,승차,178,234,384,1004,1419,1773,2267,2765,2843,2067,2983,2884,3112,2936,2924,2439,2726,2036,828,4
41893,41894,2023-03-19,1호선,150,서울역,하차,126,784,908,1256,1909,1981,2077,2390,2777,2865,2804,2746,3506,2638,2503,2186,1634,796,408,33
42436,42437,2023-03-20,1호선,150,서울역,승차,347,492,2235,3371,2415,2086,2452,2534,2648,2182,3073,3405,6038,9345,4078,2843,2624,1519,644,70
42437,42438,2023-03-20,1호선,150,서울역,하차,357,2281,4987,10272,6370,2653,2099,2269,2189,2049,2234,2244,2725,2996,1924,1245,1073,801,380,116
42980,42981,2023-03-21,1호선,150,서울역,승차,335,502,1837,3034,2044,1922,2078,2423,2592,2199,2958,3636,6054,9233,4071,2816,2726,1577,733,64
42981,42982,2023-03-21,1호선,150,서울역,하차,303,1879,4867,10503,6355,2607,2326,2154,2016,1980,2212,2295,2761,2979,1838,1260,1177,793,420,132
43524,43525,2023-03-22,1호선,150,서울역,승차,304,533,1761,2839,1983,1853,2220,2488,2647,2181,2945,3730,6282,9268,3906,2741,2657,1617,688,78
43525,43526,2023-03-22,1호선,150,서울역,하차,267,1839,4588,10066,6295,2677,2168,2169,2292,2001,2139,2166,3022,3008,1867,1158,1114,862,390,117
44068,44069,2023-03-23,1호선,150,서울역,승차,336,509,1735,2885,2114,1870,2153,2603,2622,2360,3227,3827,6244,9296,4513,2956,3007,1775,858,129
44069,44070,2023-03-23,1호선,150,서울역,하차,301,1778,4526,9554,7146,2882,2055,2371,2261,2147,2576,2426,3233,3583,2089,1426,1370,822,509,140
44612,44613,2023-03-24,1호선,150,서울역,승차,343,511,1727,2681,2307,2094,2409,3217,3266,2776,3907,4959,7254,9419,4514,3082,3560,2705,1296,169
44613,44614,2023-03-24,1호선,150,서울역,하차,325,1916,4453,9647,6107,2986,2664,3061,3351,2810,2937,2946,4100,4915,3335,1973,1835,1353,662,214
45156,45157,2023-03-25,1호선,150,서울역,승차,292,280,627,1706,2451,3010,3359,3916,3654,3060,4310,4598,4313,3484,2923,2324,2609,1858,980,8
45157,45158,2023-03-25,1호선,150,서울역,하차,351,2011,1893,2215,3601,3048,3386,3827,3463,3181,3537,3429,3496,2925,2288,1888,1722,1288,676,83
45700,45701,2023-03-26,1호선,150,서울역,승차,148,226,345,820,1293,1938,2179,2993,2751,2011,2893,2962,2921,2906,2861,2485,2604,1910,784,11
45701,45702,2023-03-26,1호선,150,서울역,하차,135,1015,1004,1452,2018,1923,2021,2497,2686,2769,2838,2695,3175,2724,2551,2094,1561,888,404,47
46244,46245,2023-03-27,1호선,150,서울역,승차,322,560,2219,3338,2197,2068,2462,2972,2666,2363,3043,3547,6294,9371,4401,2837,2833,1505,754,105
46245,46246,2023-03-27,1호선,150,서울역,하차,377,2436,4995,10424,6423,2791,2584,2402,2251,2183,2330,2344,2687,3281,1863,1260,1090,730,364,120
46788,46789,2023-03-28,1호선,150,서울역,승차,322,516,1799,2934,2185,1869,2441,2494,2564,2264,3070,3595,6618,9470,4275,2926,2917,1789,798,95
46789,46790,2023-03-28,1호선,150,서울역,하차,355,2119,4949,10509,6540,2634,2443,2222,2158,2067,2390,2199,2877,3070,1760,1398,1110,915,506,126
47332,47333,2023-03-29,1호선,150,서울역,승차,318,532,1787,2865,2043,2112,2292,2622,2602,2263,2941,3744,6388,9261,4189,2910,3038,1697,834,112
47333,47334,2023-03-29,1호선,150,서울역,하차,296,1918,4853,10544,6537,2724,2268,2398,2240,2009,2264,2621,2912,3494,1837,1230,1211,898,431,146
47876,47877,2023-03-30,1호선,150,서울역,승차,322,521,1732,2876,2217,1978,2503,2695,2750,2331,3289,3835,6502,9293,4385,3074,3192,2125,867,143
47877,47878,2023-03-30,1호선,150,서울역,하차,326,1979,4796,10623,6707,2722,2503,2483,2404,2123,2395,2439,3267,3437,2107,1435,1331,1018,465,169
48420,48421,2023-03-31,1호선,150,서울역,승차,315,511,1688,2795,2206,1931,2546,3172,3570,3008,3944,4995,6984,9380,4664,3694,3604,2790,1328,173
48421,48422,2023-03-31,1호선,150,서울역,하차,348,2003,4646,10018,6295,3030,2635,3021,3212,3031,2901,3048,3938,4571,3511,1945,1863,1404,701,240
48964,48965,2023-04-01,1호선,150,서울역,승차,300,313,637,1661,2383,2913,3200,3893,3497,2798,3786,3895,3618,3020,2963,2264,2956,2191,889,5
48965,48966,2023-04-01,1호선,150,서울역,하차,437,2205,2163,2295,3418,3119,3179,3836,3452,3080,3015,2807,2853,3016,2291,1974,1667,1116,607,76
49508,49509,2023-04-02,1호선,150,서울역,승차,153,210,374,905,1316,1798,2601,2952,2890,2001,2812,2770,3121,2943,2973,2792,2647,2106,833,18
49509,49510,2023-04-02,1호선,150,서울역,하차,172,1003,1145,1300,2093,1974,2042,2427,2693,2888,2822,2902,2991,2921,2587,2102,1603,906,401,70
50052,50053,2023-04-03,1호선,150,서울역,승차,327,590,2214,3193,2341,2121,2571,2671,2776,2199,3125,3459,6226,9621,4331,2875,3022,1654,849,86
50053,50054,2023-04-03,1호선,150,서울역,하차,378,2418,5092,10542,6459,2750,2230,2394,2203,1947,2123,2278,2695,3068,1811,1467,1084,829,380,82
50596,50597,2023-04-04,1호선,150,서울역,승차,332,531,1873,2708,2210,1946,2193,2455,2487,2222,3014,3623,6567,9265,4234,2699,2835,1755,775,142
50597,50598,2023-04-04,1호선,150,서울역,하차,277,1916,4888,10572,6303,2718,2172,2186,2133,1906,2252,2152,2882,2966,1790,1269,1199,879,374,95
51140,51141,2023-04-05,1호선,150,서울역,승차,236,493,1650,2971,2225,1944,2191,2556,2546,2129,2893,3584,6237,9259,4003,2883,2737,1642,796,119
51141,51142,2023-04-05,1호선,150,서울역,하차,259,1671,4394,9421,7152,2819,2133,2049,2293,1810,1999,2198,2825,3117,1856,1217,1145,832,419,128
51684,51685,2023-04-06,1호선,150,서울역,승차,282,530,1786,3065,2190,2105,2407,2638,2690,2293,3310,4005,6694,9410,4520,3180,2949,1766,950,150
51685,51686,2023-04-06,1호선,150,서울역,하차,276,1863,4615,10595,6575,2819,2331,2325,2457,2018,2322,2615,2948,3462,2121,1520,1376,895,411,123
52228,52229,2023-04-07,1호선,150,서울역,승차,323,523,1671,2668,2226,2127,2566,3199,3329,2669,3917,5235,7361,9281,4864,3182,3588,2846,1307,209
52229,52230,2023-04-07,1호선,150,서울역,하차,341,1906,4488,9670,6322,2705,2432,3157,3196,2726,2935,3087,3869,4832,3567,2035,1836,1285,662,177
52772,52773,2023-04-08,1호선,150,서울역,승차,332,315,711,1468,2311,2871,3094,3861,3597,2615,3599,4130,3893,3402,3032,2521,2643,2116,721,11
52773,52774,2023-04-08,1호선,150,서울역,하차,390,2292,2065,2521,3212,2762,3026,3754,3246,2843,2964,3189,3009,2548,2628,1897,1644,1169,573,66
53316,53317,2023-04-09,1호선,150,서울역,승차,179,239,442,977,1398,1985,2273,3115,2854,2176,2974,3145,3016,2981,2873,2725,2732,1814,699,9
53317,53318,2023-04-09,1호선,150,서울역,하차,165,930,1073,1397,1924,1859,1860,2511,2956,2732,2857,2958,2878,2869,2613,2081,1666,860,421,34
53860,53861,2023-04-10,1호선,150,서울역,승차,330,601,2275,3242,2388,1962,2564,2772,2831,2300,3155,3420,6338,9440,4531,2798,2764,1681,636,108
53861,53862,2023-04-10,1호선,150,서울역,하차,422,2373,5058,10778,6216,2907,2346,2348,2176,1889,2405,2480,2674,3121,1888,1229,1188,769,367,70
54404,54405,2023-04-11,1호선,150,서울역,승차,280,521,1820,2946,2078,2007,2174,2487,2695,2120,3006,3479,6275,9464,4231,2903,2521,1575,722,63
54405,54406,2023-04-11,1호선,150,서울역,하차,284,2004,4930,10273,6722,2623,2200,2101,2071,1866,2093,2101,2755,2918,1737,1247,1086,769,313,106
54948,54949,2023-04-12,1호선,150,서울역,승차,331,510,1777,2935,2194,2099,2409,2690,2634,2171,3156,3759,6534,9335,4350,2782,2791,1717,763,89
54949,54950,2023-04-12,1호선,150,서울역,하차,290,2026,4930,10411,6506,2637,2131,2224,2344,2031,2402,2545,2863,3143,1891,1307,1251,785,393,98
55492,55493,2023-04-13,1호선,150,서울역,승차,319,505,1907,2948,2156,2115,2319,2769,2731,2183,3344,3828,6583,9451,4498,3134,3221,1865,900,114
55493,55494,2023-04-13,1호선,150,서울역,하차,269,2187,4880,10271,6688,2739,2299,2359,2166,2063,2520,2632,3126,3457,1985,1454,1326,883,521,146
56036,56037,2023-04-14,1호선,150,서울역,승차,305,514,1651,2790,2153,2068,2614,3061,3269,2653,3890,4279,6514,9984,4155,4172,3509,2887,1091,190
56037,56038,2023-04-14,1호선,150,서울역,하차,300,1940,4463,9120,6382,2713,2440,3031,3073,2701,2989,2923,3913,4509,3207,1860,1696,1117,637,183
56580,56581,2023-04-15,1호선,150,서울역,승차,245,293,597,1479,2042,2602,3491,3873,3273,2766,3573,3923,3819,3305,2798,2381,2448,1770,816,9
56581,56582,2023-04-15,1호선,150,서울역,하차,329,2063,1973,2275,3136,2768,2768,3599,3151,2734,2869,2782,3181,2522,2161,1753,1514,1064,562,46
57124,57125,2023-04-16,1호선,150,서울역,승차,129,190,329,787,1166,1798,2110,2726,2846,1945,3206,2800,2975,3109,3019,2466,2596,1621,809,15
57125,57126,2023-04-16,1호선,150,서울역,하차,169,1028,1045,1270,1944,1695,1855,2452,2612,2660,2748,2583,3116,2674,2420,1780,1399,757,376,34
57668,57669,2023-04-17,1호선,150,서울역,승차,305,536,2137,3401,2294,2044,2382,2766,2854,2254,3108,3610,6155,9320,4276,2862,2644,1584,666,79
57669,57670,2023-04-17,1호선,150,서울역,하차,357,2363,5049,10523,6243,2883,2297,2397,2253,1939,2234,2178,2854,2990,1813,1168,1056,678,326,70
58213,58214,2023-04-18,1호선,150,서울역,승차,268,513,1841,3036,2130,1864,2133,2453,2383,2086,2809,3440,6423,9367,4277,2760,2577,1583,644,82
58214,58215,2023-04-18,1호선,150,서울역,하차,294,1812,4657,10570,6778,2580,2151,2139,2084,1864,2122,2292,2647,2908,1669,1140,1193,765,375,104
58757,58758,2023-04-19,1호선,150,서울역,승차,302,558,1816,2922,2007,1989,2352,2701,2610,2439,3404,3982,6618,9311,4024,2927,2816,1700,686,98
58758,58759,2023-04-19,1호선,150,서울역,하차,282,1996,4858,10510,6761,2614,2249,2302,2379,2278,2662,2690,3002,3215,1757,1198,1176,923,462,131
59301,59302,2023-04-20,1호선,150,서울역,승차,314,553,1803,2719,2261,2011,2413,2727,2603,2517,3268,3885,6627,9680,4485,2968,2976,1775,814,101
59302,59303,2023-04-20,1호선,150,서울역,하차,293,2045,4815,10163,6896,2848,2276,2316,2362,2079,2490,2607,3095,3438,1971,1322,1194,802,424,115
59845,59846,2023-04-21,1호선,150,서울역,승차,314,540,1687,2832,2246,1987,2345,3284,3081,2832,3959,4774,7372,9189,4373,3136,3353,2924,1093,129
59846,59847,2023-04-21,1호선,150,서울역,하차,309,2012,4586,9889,6121,2752,2280,3283,3163,2740,2836,2918,3638,4476,3159,1976,1714,1119,615,158
60389,60390,2023-04-22,1호선,150,서울역,승차,312,321,626,1543,2241,2836,3185,3592,3486,2527,3581,4261,3701,3152,2923,2329,2531,1868,797,3
60390,60391,2023-04-22,1호선,150,서울역,하차,341,2084,1997,2361,3391,2742,3007,3509,3153,2952,2900,2966,3004,2481,2172,1835,1683,1041,598,46
60933,60934,2023-04-23,1호선,150,서울역,승차,166,205,426,898,1266,1725,2181,2773,2639,2027,2948,2704,2788,2917,3077,2345,2251,1955,607,6
60934,60935,2023-04-23,1호선,150,서울역,하차,175,970,964,1311,1957,1714,2006,2674,2507,2520,2709,2564,2858,2403,2283,1952,1412,772,320,32
61477,61478,2023-04-24,1호선,150,서울역,승차,322,572,2182,3237,2316,1946,2408,2761,2671,2327,2995,3528,6072,9313,4271,2867,2522,1491,637,75
61478,61479,2023-04-24,1호선,150,서울역,하차,387,2310,5001,10295,6368,2775,2233,2428,2249,2131,2157,2306,2824,2930,1806,1175,1034,620,329,88
62021,62022,2023-04-25,1호선,150,서울역,승차,314,548,1837,3039,2046,2089,2101,2687,2745,2061,3022,3325,6399,9228,4142,2676,2621,1453,553,65
62022,62023,2023-04-25,1호선,150,서울역,하차,310,1857,4855,10364,6368,2650,2066,2356,2265,1946,2188,2366,2857,3025,1613,1154,1084,726,346,94
62565,62566,2023-04-26,1호선,150,서울역,승차,316,556,1775,2991,2128,2056,2291,2636,2617,2378,3137,3786,6246,9532,4316,2841,2789,1775,695,83
62566,62567,2023-04-26,1호선,150,서울역,하차,298,1983,4916,10009,6932,2673,2401,2335,2501,2087,2364,2403,3074,3089,1780,1245,1126,937,429,128
63109,63110,2023-04-27,1호선,150,서울역,승차,327,560,1810,2983,2151,1859,2398,2857,2802,2214,3455,3879,6412,9246,4656,3145,3219,2039,885,165
63110,63111,2023-04-27,1호선,150,서울역,하차,339,1985,4878,10229,6824,2716,2328,2465,2484,2207,2609,2606,3145,3560,2013,1580,1321,1017,500,159
63653,63654,2023-04-28,1호선,150,서울역,승차,326,522,1787,2820,2308,2064,2479,3459,3513,2816,3874,5084,7260,9183,4514,3660,3763,2868,1336,273
63654,63655,2023-04-28,1호선,150,서울역,하차,342,2117,4809,9894,6430,2955,2564,3334,3342,2753,2963,3121,3946,4689,3348,2109,1893,1559,697,195
64197,64198,2023-04-29,1호선,150,서울역,승차,252,289,629,1753,2419,2880,3468,3734,4033,2727,3689,4048,3994,3230,3071,2388,2472,1914,764,5
64198,64199,2023-04-29,1호선,150,서울역,하차,370,2104,1850,2291,3169,2548,2704,3406,3891,2932,2990,2948,3415,3060,2312,1960,1719,1107,608,47
64741,64742,2023-04-30,1호선,150,서울역,승차,187,251,432,1061,1602,2157,2561,2990,2929,2023,3005,2960,3388,3199,2993,2572,2698,2097,901,5
64742,64743,2023-04-30,1호선,150,서울역,하차,212,1134,1312,1687,2276,2316,2235,2699,2515,2807,2963,2758,3192,2695,2372,1925,1393,914,475,22
